{
  "pool_info": {
    "pool_id": "growth_stocks_20250805_101653",
    "name": "Growth Opportunities",
    "pool_type": "growth_stocks",
    "description": "High-growth potential stocks",
    "created_date": "2025-08-05T10:16:53.047310",
    "last_modified": "2025-08-05T10:16:53.096329",
    "status": "active",
    "max_stocks": 25,
    "rebalance_frequency": "monthly"
  },
  "stocks": [
    {
      "symbol": "TSLA",
      "name": "Tesla Inc.",
      "added_date": "2025-08-05T10:16:53.048119",
      "added_price": 96.76844226830458,
      "current_price": 96.76844226830458,
      "weight": 0.2,
      "notes": "EV market leader",
      "tags": [
        "growth",
        "high-risk"
      ],
      "return_pct": 0.0
    },
    {
      "symbol": "NVDA",
      "name": "NVIDIA Corp.",
      "added_date": "2025-08-05T10:16:53.048131",
      "added_price": 92.21639986093172,
      "current_price": 92.21639986093172,
      "weight": 0.18,
      "notes": "AI revolution beneficiary",
      "tags": [
        "growth",
        "high-risk"
      ],
      "return_pct": 0.0
    },
    {
      "symbol": "AMD",
      "name": "Advanced Micro Devices",
      "added_date": "2025-08-05T10:16:53.048161",
      "added_price": 94.46653468771083,
      "current_price": 94.46653468771083,
      "weight": 0.15,
      "notes": "CPU/GPU competition",
      "tags": [
        "growth",
        "high-risk"
      ],
      "return_pct": 0.0
    },
    {
      "symbol": "PLTR",
      "name": "Palantir Technologies",
      "added_date": "2025-08-05T10:16:53.048185",
      "added_price": 105.21722436139477,
      "current_price": 105.21722436139477,
      "weight": 0.12,
      "notes": "Big data analytics",
      "tags": [
        "growth",
        "high-risk"
      ],
      "return_pct": 0.0
    },
    {
      "symbol": "ROKU",
      "name": "Roku Inc.",
      "added_date": "2025-08-05T10:16:53.048207",
      "added_price": 94.77564759524013,
      "current_price": 94.77564759524013,
      "weight": 0.1,
      "notes": "Streaming platform",
      "tags": [
        "growth",
        "high-risk"
      ],
      "return_pct": 0.0
    },
    {
      "symbol": "SQ",
      "name": "Block Inc.",
      "added_date": "2025-08-05T10:16:53.048231",
      "added_price": 105.94391152218611,
      "current_price": 105.94391152218611,
      "weight": 0.1,
      "notes": "Fintech innovation",
      "tags": [
        "growth",
        "high-risk"
      ],
      "return_pct": 0.0
    },
    {
      "symbol": "SHOP",
      "name": "Shopify Inc.",
      "added_date": "2025-08-05T10:16:53.048253",
      "added_price": 99.3155405949931,
      "current_price": 99.3155405949931,
      "weight": 0.15,
      "notes": "E-commerce platform",
      "tags": [
        "growth",
        "high-risk"
      ],
      "return_pct": 0.0
    }
  ],
  "metrics": {
    "total_return": 0.0,
    "annualized_return": 0.0,
    "volatility": 0.0,
    "sharpe_ratio": 0.0,
    "max_drawdown": 0.0,
    "win_rate": 0.0,
    "avg_holding_period": 0.0,
    "sector_concentration": {},
    "risk_score": 0.0,
    "last_updated": "2025-08-05 10:16:53.095934"
  },
  "auto_update_rules": {
    "enabled": true,
    "interval_hours": 24,
    "remove_poor_performers": true,
    "poor_performance_threshold": -0.25,
    "rebalance_weights": true,
    "max_position_size": 0.2
  },
  "analytics": {
    "basic_info": {
      "pool_id": "growth_stocks_20250805_101653",
      "name": "Growth Opportunities",
      "type": "growth_stocks",
      "status": "active",
      "total_stocks": 7,
      "created_date": "2025-08-05T10:16:53.047310",
      "last_modified": "2025-08-05T10:16:53.096329"
    },
    "performance_metrics": {
      "total_return": 0.0,
      "annualized_return": 0.0,
      "volatility": 0.0,
      "sharpe_ratio": 0.0,
      "max_drawdown": 0.0,
      "win_rate": 0.0,
      "avg_holding_period": 0.0,
      "sector_concentration": {},
      "risk_score": 0.0,
      "last_updated": "2025-08-05 10:16:53.186060"
    },
    "stock_analysis": {
      "top_performers": [
        {
          "symbol": "TSLA",
          "name": "Tesla Inc.",
          "return": 0.0,
          "weight": 0.2,
          "added_date": "2025-08-05 10:16:53.048119"
        },
        {
          "symbol": "NVDA",
          "name": "NVIDIA Corp.",
          "return": 0.0,
          "weight": 0.18,
          "added_date": "2025-08-05 10:16:53.048131"
        },
        {
          "symbol": "AMD",
          "name": "Advanced Micro Devices",
          "return": 0.0,
          "weight": 0.15,
          "added_date": "2025-08-05 10:16:53.048161"
        },
        {
          "symbol": "PLTR",
          "name": "Palantir Technologies",
          "return": 0.0,
          "weight": 0.12,
          "added_date": "2025-08-05 10:16:53.048185"
        },
        {
          "symbol": "ROKU",
          "name": "Roku Inc.",
          "return": 0.0,
          "weight": 0.1,
          "added_date": "2025-08-05 10:16:53.048207"
        }
      ],
      "worst_performers": [
        {
          "symbol": "AMD",
          "name": "Advanced Micro Devices",
          "return": 0.0,
          "weight": 0.15,
          "added_date": "2025-08-05 10:16:53.048161"
        },
        {
          "symbol": "PLTR",
          "name": "Palantir Technologies",
          "return": 0.0,
          "weight": 0.12,
          "added_date": "2025-08-05 10:16:53.048185"
        },
        {
          "symbol": "ROKU",
          "name": "Roku Inc.",
          "return": 0.0,
          "weight": 0.1,
          "added_date": "2025-08-05 10:16:53.048207"
        },
        {
          "symbol": "SQ",
          "name": "Block Inc.",
          "return": 0.0,
          "weight": 0.1,
          "added_date": "2025-08-05 10:16:53.048231"
        },
        {
          "symbol": "SHOP",
          "name": "Shopify Inc.",
          "return": 0.0,
          "weight": 0.15,
          "added_date": "2025-08-05 10:16:53.048253"
        }
      ],
      "recent_additions": [
        {
          "symbol": "TSLA",
          "name": "Tesla Inc.",
          "return": 0.0,
          "weight": 0.2,
          "added_date": "2025-08-05 10:16:53.048119"
        },
        {
          "symbol": "NVDA",
          "name": "NVIDIA Corp.",
          "return": 0.0,
          "weight": 0.18,
          "added_date": "2025-08-05 10:16:53.048131"
        },
        {
          "symbol": "AMD",
          "name": "Advanced Micro Devices",
          "return": 0.0,
          "weight": 0.15,
          "added_date": "2025-08-05 10:16:53.048161"
        },
        {
          "symbol": "PLTR",
          "name": "Palantir Technologies",
          "return": 0.0,
          "weight": 0.12,
          "added_date": "2025-08-05 10:16:53.048185"
        },
        {
          "symbol": "ROKU",
          "name": "Roku Inc.",
          "return": 0.0,
          "weight": 0.1,
          "added_date": "2025-08-05 10:16:53.048207"
        },
        {
          "symbol": "SQ",
          "name": "Block Inc.",
          "return": 0.0,
          "weight": 0.1,
          "added_date": "2025-08-05 10:16:53.048231"
        },
        {
          "symbol": "SHOP",
          "name": "Shopify Inc.",
          "return": 0.0,
          "weight": 0.15,
          "added_date": "2025-08-05 10:16:53.048253"
        }
      ],
      "high_weight_stocks": [
        {
          "symbol": "TSLA",
          "name": "Tesla Inc.",
          "return": 0.0,
          "weight": 0.2,
          "added_date": "2025-08-05 10:16:53.048119"
        },
        {
          "symbol": "NVDA",
          "name": "NVIDIA Corp.",
          "return": 0.0,
          "weight": 0.18,
          "added_date": "2025-08-05 10:16:53.048131"
        },
        {
          "symbol": "AMD",
          "name": "Advanced Micro Devices",
          "return": 0.0,
          "weight": 0.15,
          "added_date": "2025-08-05 10:16:53.048161"
        },
        {
          "symbol": "PLTR",
          "name": "Palantir Technologies",
          "return": 0.0,
          "weight": 0.12,
          "added_date": "2025-08-05 10:16:53.048185"
        },
        {
          "symbol": "ROKU",
          "name": "Roku Inc.",
          "return": 0.0,
          "weight": 0.1,
          "added_date": "2025-08-05 10:16:53.048207"
        },
        {
          "symbol": "SQ",
          "name": "Block Inc.",
          "return": 0.0,
          "weight": 0.1,
          "added_date": "2025-08-05 10:16:53.048231"
        },
        {
          "symbol": "SHOP",
          "name": "Shopify Inc.",
          "return": 0.0,
          "weight": 0.15,
          "added_date": "2025-08-05 10:16:53.048253"
        }
      ]
    },
    "risk_analysis": {
      "concentration_risk": 0.15180000000000002,
      "sector_concentration": {},
      "volatility_analysis": {},
      "risk_score": 15.180000000000001
    },
    "sector_analysis": {
      "sector_distribution": {
        "Technology": 0.30000000000000004,
        "Healthcare": 0.32999999999999996,
        "Finance": 0.15,
        "Consumer": 0.12,
        "Industrial": 0.1
      },
      "diversification_score": 100.0,
      "dominant_sector": [
        "Healthcare",
        0.32999999999999996
      ]
    },
    "recommendations": [
      {
        "type": "diversification",
        "priority": "high",
        "message": "Consider adding more stocks to improve diversification",
        "action": "add_stocks"
      },
      {
        "type": "maintenance",
        "priority": "low",
        "message": "Consider rebalancing based on monthly schedule",
        "action": "rebalance"
      }
    ]
  },
  "history": [
    {
      "timestamp": "2025-08-05T10:16:53.047316",
      "action": "created",
      "details": {
        "name": "Growth Opportunities",
        "type": "growth_stocks"
      }
    },
    {
      "timestamp": "2025-08-05T10:16:53.048123",
      "action": "stock_added",
      "details": {
        "symbol": "TSLA",
        "price": 96.76844226830458
      }
    },
    {
      "timestamp": "2025-08-05T10:16:53.048149",
      "action": "stock_added",
      "details": {
        "symbol": "NVDA",
        "price": 92.21639986093172
      }
    },
    {
      "timestamp": "2025-08-05T10:16:53.048176",
      "action": "stock_added",
      "details": {
        "symbol": "AMD",
        "price": 94.46653468771083
      }
    },
    {
      "timestamp": "2025-08-05T10:16:53.048200",
      "action": "stock_added",
      "details": {
        "symbol": "PLTR",
        "price": 105.21722436139477
      }
    },
    {
      "timestamp": "2025-08-05T10:16:53.048222",
      "action": "stock_added",
      "details": {
        "symbol": "ROKU",
        "price": 94.77564759524013
      }
    },
    {
      "timestamp": "2025-08-05T10:16:53.048246",
      "action": "stock_added",
      "details": {
        "symbol": "SQ",
        "price": 105.94391152218611
      }
    },
    {
      "timestamp": "2025-08-05T10:16:53.048269",
      "action": "stock_added",
      "details": {
        "symbol": "SHOP",
        "price": 99.3155405949931
      }
    }
  ]
}