{
  "pool_info": {
    "pool_id": "core_holdings_20250805_101653",
    "name": "Core Holdings",
    "pool_type": "core_holdings",
    "description": "Long-term investment positions",
    "created_date": "2025-08-05T10:16:53.047289",
    "last_modified": "2025-08-05T10:16:53.048091",
    "status": "active",
    "max_stocks": 15,
    "rebalance_frequency": "monthly"
  },
  "stocks": [
    {
      "symbol": "AAPL",
      "name": "Apple Inc.",
      "added_date": "2025-08-05T10:16:53.047826",
      "added_price": 90.68122755699552,
      "current_price": 90.68122755699552,
      "weight": 0.25,
      "notes": "Core technology position",
      "tags": [
        "core",
        "dividend"
      ],
      "return_pct": 0.0
    },
    {
      "symbol": "MSFT",
      "name": "Microsoft Corp.",
      "added_date": "2025-08-05T10:16:53.047838",
      "added_price": 91.45306823927201,
      "current_price": 91.45306823927201,
      "weight": 0.2,
      "notes": "Stable dividend growth",
      "tags": [
        "core",
        "dividend"
      ],
      "return_pct": 0.0
    },
    {
      "symbol": "JNJ",
      "name": "Johnson & Johnson",
      "added_date": "2025-08-05T10:16:53.047861",
      "added_price": 97.27404976963838,
      "current_price": 97.27404976963838,
      "weight": 0.15,
      "notes": "Healthcare defensive",
      "tags": [
        "core",
        "dividend"
      ],
      "return_pct": 0.0
    },
    {
      "symbol": "PG",
      "name": "Procter & Gamble",
      "added_date": "2025-08-05T10:16:53.047883",
      "added_price": 102.66831967852009,
      "current_price": 102.66831967852009,
      "weight": 0.15,
      "notes": "Consumer staples",
      "tags": [
        "core",
        "dividend"
      ],
      "return_pct": 0.0
    },
    {
      "symbol": "KO",
      "name": "Coca-Cola Co.",
      "added_date": "2025-08-05T10:16:53.047907",
      "added_price": 109.67430775580937,
      "current_price": 109.67430775580937,
      "weight": 0.1,
      "notes": "Dividend aristocrat",
      "tags": [
        "core",
        "dividend"
      ],
      "return_pct": 0.0
    },
    {
      "symbol": "VTI",
      "name": "Vanguard Total Stock",
      "added_date": "2025-08-05T10:16:53.048089",
      "added_price": 93.36638307329508,
      "current_price": 93.36638307329508,
      "weight": 0.15,
      "notes": "Market diversification",
      "tags": [
        "core",
        "dividend"
      ],
      "return_pct": 0.0
    }
  ],
  "metrics": {
    "total_return": 0.0,
    "annualized_return": 0.0,
    "volatility": 0.0,
    "sharpe_ratio": 0.0,
    "max_drawdown": 0.0,
    "win_rate": 0.0,
    "avg_holding_period": 0.0,
    "sector_concentration": {},
    "risk_score": 0.0,
    "last_updated": "2025-08-05 10:16:53.095871"
  },
  "auto_update_rules": {},
  "analytics": {
    "basic_info": {
      "pool_id": "core_holdings_20250805_101653",
      "name": "Core Holdings",
      "type": "core_holdings",
      "status": "active",
      "total_stocks": 6,
      "created_date": "2025-08-05T10:16:53.047289",
      "last_modified": "2025-08-05T10:16:53.048091"
    },
    "performance_metrics": {
      "total_return": 0.0,
      "annualized_return": 0.0,
      "volatility": 0.0,
      "sharpe_ratio": 0.0,
      "max_drawdown": 0.0,
      "win_rate": 0.0,
      "avg_holding_period": 0.0,
      "sector_concentration": {},
      "risk_score": 0.0,
      "last_updated": "2025-08-05 10:16:53.185509"
    },
    "stock_analysis": {
      "top_performers": [
        {
          "symbol": "AAPL",
          "name": "Apple Inc.",
          "return": 0.0,
          "weight": 0.25,
          "added_date": "2025-08-05 10:16:53.047826"
        },
        {
          "symbol": "MSFT",
          "name": "Microsoft Corp.",
          "return": 0.0,
          "weight": 0.2,
          "added_date": "2025-08-05 10:16:53.047838"
        },
        {
          "symbol": "JNJ",
          "name": "Johnson & Johnson",
          "return": 0.0,
          "weight": 0.15,
          "added_date": "2025-08-05 10:16:53.047861"
        },
        {
          "symbol": "PG",
          "name": "Procter & Gamble",
          "return": 0.0,
          "weight": 0.15,
          "added_date": "2025-08-05 10:16:53.047883"
        },
        {
          "symbol": "KO",
          "name": "Coca-Cola Co.",
          "return": 0.0,
          "weight": 0.1,
          "added_date": "2025-08-05 10:16:53.047907"
        }
      ],
      "worst_performers": [
        {
          "symbol": "MSFT",
          "name": "Microsoft Corp.",
          "return": 0.0,
          "weight": 0.2,
          "added_date": "2025-08-05 10:16:53.047838"
        },
        {
          "symbol": "JNJ",
          "name": "Johnson & Johnson",
          "return": 0.0,
          "weight": 0.15,
          "added_date": "2025-08-05 10:16:53.047861"
        },
        {
          "symbol": "PG",
          "name": "Procter & Gamble",
          "return": 0.0,
          "weight": 0.15,
          "added_date": "2025-08-05 10:16:53.047883"
        },
        {
          "symbol": "KO",
          "name": "Coca-Cola Co.",
          "return": 0.0,
          "weight": 0.1,
          "added_date": "2025-08-05 10:16:53.047907"
        },
        {
          "symbol": "VTI",
          "name": "Vanguard Total Stock",
          "return": 0.0,
          "weight": 0.15,
          "added_date": "2025-08-05 10:16:53.048089"
        }
      ],
      "recent_additions": [
        {
          "symbol": "AAPL",
          "name": "Apple Inc.",
          "return": 0.0,
          "weight": 0.25,
          "added_date": "2025-08-05 10:16:53.047826"
        },
        {
          "symbol": "MSFT",
          "name": "Microsoft Corp.",
          "return": 0.0,
          "weight": 0.2,
          "added_date": "2025-08-05 10:16:53.047838"
        },
        {
          "symbol": "JNJ",
          "name": "Johnson & Johnson",
          "return": 0.0,
          "weight": 0.15,
          "added_date": "2025-08-05 10:16:53.047861"
        },
        {
          "symbol": "PG",
          "name": "Procter & Gamble",
          "return": 0.0,
          "weight": 0.15,
          "added_date": "2025-08-05 10:16:53.047883"
        },
        {
          "symbol": "KO",
          "name": "Coca-Cola Co.",
          "return": 0.0,
          "weight": 0.1,
          "added_date": "2025-08-05 10:16:53.047907"
        },
        {
          "symbol": "VTI",
          "name": "Vanguard Total Stock",
          "return": 0.0,
          "weight": 0.15,
          "added_date": "2025-08-05 10:16:53.048089"
        }
      ],
      "high_weight_stocks": [
        {
          "symbol": "AAPL",
          "name": "Apple Inc.",
          "return": 0.0,
          "weight": 0.25,
          "added_date": "2025-08-05 10:16:53.047826"
        },
        {
          "symbol": "MSFT",
          "name": "Microsoft Corp.",
          "return": 0.0,
          "weight": 0.2,
          "added_date": "2025-08-05 10:16:53.047838"
        },
        {
          "symbol": "JNJ",
          "name": "Johnson & Johnson",
          "return": 0.0,
          "weight": 0.15,
          "added_date": "2025-08-05 10:16:53.047861"
        },
        {
          "symbol": "PG",
          "name": "Procter & Gamble",
          "return": 0.0,
          "weight": 0.15,
          "added_date": "2025-08-05 10:16:53.047883"
        },
        {
          "symbol": "KO",
          "name": "Coca-Cola Co.",
          "return": 0.0,
          "weight": 0.1,
          "added_date": "2025-08-05 10:16:53.047907"
        },
        {
          "symbol": "VTI",
          "name": "Vanguard Total Stock",
          "return": 0.0,
          "weight": 0.15,
          "added_date": "2025-08-05 10:16:53.048089"
        }
      ]
    },
    "risk_analysis": {
      "concentration_risk": 0.18,
      "sector_concentration": {},
      "volatility_analysis": {},
      "risk_score": 18.0
    },
    "sector_analysis": {
      "sector_distribution": {
        "Technology": 0.4,
        "Healthcare": 0.2,
        "Finance": 0.15,
        "Consumer": 0.15,
        "Industrial": 0.1
      },
      "diversification_score": 100.0,
      "dominant_sector": [
        "Technology",
        0.4
      ]
    },
    "recommendations": [
      {
        "type": "diversification",
        "priority": "high",
        "message": "Consider adding more stocks to improve diversification",
        "action": "add_stocks"
      },
      {
        "type": "maintenance",
        "priority": "low",
        "message": "Consider rebalancing based on monthly schedule",
        "action": "rebalance"
      }
    ]
  },
  "history": [
    {
      "timestamp": "2025-08-05T10:16:53.047297",
      "action": "created",
      "details": {
        "name": "Core Holdings",
        "type": "core_holdings"
      }
    },
    {
      "timestamp": "2025-08-05T10:16:53.047830",
      "action": "stock_added",
      "details": {
        "symbol": "AAPL",
        "price": 90.68122755699552
      }
    },
    {
      "timestamp": "2025-08-05T10:16:53.047854",
      "action": "stock_added",
      "details": {
        "symbol": "MSFT",
        "price": 91.45306823927201
      }
    },
    {
      "timestamp": "2025-08-05T10:16:53.047876",
      "action": "stock_added",
      "details": {
        "symbol": "JNJ",
        "price": 97.27404976963838
      }
    },
    {
      "timestamp": "2025-08-05T10:16:53.047900",
      "action": "stock_added",
      "details": {
        "symbol": "PG",
        "price": 102.66831967852009
      }
    },
    {
      "timestamp": "2025-08-05T10:16:53.048075",
      "action": "stock_added",
      "details": {
        "symbol": "KO",
        "price": 109.67430775580937
      }
    },
    {
      "timestamp": "2025-08-05T10:16:53.048109",
      "action": "stock_added",
      "details": {
        "symbol": "VTI",
        "price": 93.36638307329508
      }
    }
  ]
}